Reference Number,Watch URL,type,brand,year_introduced,Parent_Model,Specific_Model,nickname,Marketing Names,style,Currency,Price,Image URL,made_in,case_shape,case_material,case_finish,Caseback,diameter,between_lugs,Lug-to-Lug ,Case Thickness,bezel_material,bezel_color,crystal,Water_resistance,weight,dial_color,numerals,bracelet_material,bracelet_color,clasp_type,movement,caliber,power_reserve,frequency,jewels,features,Description,short_description
ST23-OW.FE,https://arminstrom.com/en/collection/system-78/one-week-first-edition,,Armin Strom,,System 78,One Week First Edition,One Week First Edition,"Limited Edition
25 pieces",,CHF,32000,https://arminstrom.com/wp-content/uploads/2023/08/1200px_OneWeek_FirstEd_soldat_v01.jpg,Switzerland,,Stainless steel,,Sapphire crystal and case back with anti-reflective coating,41.00mm,22-20 mm,46.20mm,10.60 mm,,,"Stainless steel, Sapphire crystal and case back with anti-reflective coating",10 ATM / 100 m,,"Black minute ring and small-second dial, numbers and indexes with Super-LumiNova® filling","Black minute ring and small-second dial, numbers and indexes with Super-LumiNova® filling",Stainless steel with a double folding clasp,Stainless steel with a double folding clasp,Pin buckle or folding clasp available in stainless steel,,,,,,,"More than an evolution. The One Week completely reimagines Armin Strom’s very first in-house calibre from 2010. More architectural, more open and housed in a new streamlined steel case with an integrated bracelet, the One Week was conceived with balance and depth in mind. The One Week First Edition of 25 pieces stands out with its light blue PVD coloured mainplate and bridges.
 
Ask for more information",
ST22-OR.90,https://arminstrom.com/en/collection/system-78/orbit-manufacture-edition/,,Armin Strom,,System 78,Orbit Manufacture Edition,Orbit Manufacture Edition,,,CHF,35000,https://arminstrom.com/wp-content/uploads/2022/06/1200px_Orbit_ManufEd_soldat_v01.jpg,Switzerland,,Stainless steel,,Sapphire crystal and case back with anti-reflective coating,43.4 mm,22/20 mm,48.96 mm,"12,6 mm",,,Sapphire crystal and case back with anti-reflective coating,5 ATM / 50 m,,Off-center black dial with subdial,Off-center black dial with subdial,Stainless-steel with a double folding clasp,Stainless-steel with a double folding clasp,Pin buckle or folding clasp available in stainless steel,,,,,,,"Armin Strom has completely reinterpreted the ubiquitous date function in the Orbit, the world’s first watch with an on-demand date indicated on the bezel. Crafted in steel with a ceramic bezel and an integrated steel bracelet, the Orbit adds a sporty touch to the first-of-its-kind column-wheel retrograde date atop the micro-rotor automatic movement with a torque-limiting barrel for optimal chronometric performance throught the watch’s autonomy.
 



Place your reservationAsk for more information


Place your reservationAsk for more informationStrap size guide",
ST22-OR.75,https://arminstrom.com/en/collection/system-78/orbit-first-edition/,,Armin Strom,,System 78,Orbit First Edition,Orbit First Edition,"Limited Edition
25 pieces",,CHF,35000,https://arminstrom.com/wp-content/uploads/2022/03/Orbit_Soldout_Pic_01.jpg,Switzerland,,Stainless steel,,Sapphire crystal and case back with anti-reflective coating,43.4 mm,22/20 mm,48.96 mm,"12,6 mm",,,Sapphire crystal and case back with anti-reflective coating,5 ATM / 50 m,,Off-center dial in black gold with subdial,Off-center dial in black gold with subdial,Stainless-steel with a double folding clasp,Stainless-steel with a double folding clasp,Pin buckle or folding clasp available in 18ct rose gold,,,,,,,"Armin Strom has completely reinterpreted the ubiquitous date function in the Orbit, the world’s first watch with an on-demand date indicated on the bezel. Crafted in steel with a ceramic bezel and an integrated steel bracelet, the Orbit adds a sporty touch to the first-of-its-kind column-wheel retrograde date atop the micro-rotor automatic movement with a torque-limiting barrel for optimal chronometric performance throught the watch’s autonomy.
Ask for more information",
ST19-GEF.90,https://arminstrom.com//en/collection/system-78/gravity-equal-force-manufacture-edition-black/,,Armin Strom,,System 78,Gravity Equal Force Manufacture Edition Black,Gravity Equal Force Manufacture Edition Black,,,CHF,20000,https://arminstrom.com/wp-content/uploads/2021/05/Gravity-Equal-Force-Manufacture-Edition-black.jpg,Switzerland,,Stainless steel,,Sapphire crystal and case back with anti-reflective treatment,41.00 mm,20/18 mm,48.09 mm,12.65 mm,,,Sapphire crystal and case back with anti-reflective treatment,30 m,,Offset with subdial,Offset with subdial,Delivered with a genuine alligator leather strap in black or blue,Delivered with a genuine alligator leather strap in black or blue,Pin buckle or Folding clasp available in stainless steel,,,,,,,"The Gravity Equal Force is the world’s first automatic watch with constant force transmission. The result is consistent power delivery to the balance which ensures that the watch always delivers flawlessly constant precision.
 



Place your reservationAsk for more information


Place your reservationAsk for more informationStrap size guide",
ST19-GEF.05,https://arminstrom.com//en/collection/system-78/gravity-equal-force-manufacture-edition-blue/,,Armin Strom,,System 78,Gravity Equal Force Manufacture Edition Blue,Gravity Equal Force Manufacture Edition Blue,,,CHF,20000,https://arminstrom.com/wp-content/uploads/2021/05/Gravity-Equal-Force-Manufacture-Edition-Blue.jpg,Switzerland,,Stainless steel,,Sapphire crystal and case back with anti-reflective treatment,41.00 mm,20/18 mm,48.09 mm,12.65 mm,,,Sapphire crystal and case back with anti-reflective treatment,30 m,,Offset with subdial,Offset with subdial,Delivered with a genuine alligator leather strap in black or blue,Delivered with a genuine alligator leather strap in black or blue,Pin buckle or Folding clasp available in stainless steel,,,,,,,"The Gravity Equal Force is the world’s first automatic watch with constant force transmission. The result is consistent power delivery to the balance which ensures that the watch always delivers flawlessly constant precision.
 



Place your reservationAsk for more information


Place your reservationAsk for more informationStrap size guide",
RG19-GEF.85,https://arminstrom.com//en/collection/system-78/gravity-equal-force-manufacture-edition-black-gold/,,Armin Strom,,System 78,Gravity Equal Force Manufacture Edition Rose Gold,Gravity Equal Force Manufacture Edition Rose Gold,,,CHF,31900,https://arminstrom.com/wp-content/uploads/2021/05/Gravity-Equal-Force-Manufacture-Edition-black-gold.jpg,Switzerland,,18ct rose gold,,Sapphire crystal and case back with anti-reflective treatment,41.00 mm,20/18 mm,48.09 mm,12.65 mm,,,Sapphire crystal and case back with anti-reflective treatment,30 m,,Offset with subdial,Offset with subdial,Delivered with a genuine alligator leather strap in black,Delivered with a genuine alligator leather strap in black,Folding clasp in stainless steel,,,,,,,"The Gravity Equal Force is the world’s first automatic watch with constant force transmission. The result is consistent power delivery to the balance which ensures that the watch always delivers flawlessly constant precision.



Place your reservationAsk for more information


Place your reservationAsk for more informationStrap size guide",
ST21-GEF.SA,https://arminstrom.com/en/collection/system-78/gravity-equal-force-ultimate-sapphire/,,Armin Strom,,System 78,Gravity Equal Force Ultimate Sapphire,Gravity Equal Force Ultimate Sapphire,,,CHF,27500,https://arminstrom.com/wp-content/uploads/2021/09/Gravity-Equal-Force-sapphire-dial-grey-image-01-1.jpg,Switzerland,,Stainless steel,,Sapphire crystal and case back with anti-reflective treatment,41.00 mm,20/18 mm,48.09 mm,12.65 mm,,,Sapphire crystal and case back with anti-reflective treatment,30 m,,Grey toned off-center sapphire dial with subdial,Grey toned off-center sapphire dial with subdial,Delivered with a black fabric strap with light grey stitching,Delivered with a black fabric strap with light grey stitching,Folding clasp in stainless steel,,,,,,,"The Gravity Equal Force is the world’s first automatic watch with constant force transmission. The result is consistent power delivery to the balance which ensures that the watch always delivers flawlessly constant precision.
With its off-center grey-toned sapphire dial, the strikingly cool monochrome watch offers an extraordinary view of the exquisitely-finished manufacture movement.



Place your reservationAsk for more information


Place your reservationAsk for more informationStrap size guide",
ST22-GEF.JG.CR.M.N1,https://arminstrom.com//en/collection/system-78/gravity-equal-force-jungle-green/,,Armin Strom,,System 78,Gravity Equal Force Jungle Green,Gravity Equal Force Jungle Green,,,CHF,22900,https://arminstrom.com/wp-content/uploads/2022/02/Gravity-Equal-Force-jungle-green-image-01-sold-out.jpg,Switzerland,,Stainless steel,,Sapphire crystal and case back with anti-reflective treatment,41.00 mm,20/18 mm,48.09 mm,"12,65 mm",,,Sapphire crystal and case back with anti-reflective treatment,30 m,,"Jungle green colored hand guilloche by Kari Voutilainen, off-center dial with subdial","Jungle green colored hand guilloche by Kari Voutilainen, off-center dial with subdial",Delivered with a black alligator leather strap with black stitching,Delivered with a black alligator leather strap with black stitching,Folding clasp in stainless steel,,,,,,,"An unprecedented feat of micromechanical ingenuity with a singular design made even more spectacular by an artisanally crafted dial, the Gravity Equal Force Jungle Green features a striking jungle-green guilloché dial by Kari Voutilainen, with a Grain d’orge horizontal pattern that follows the lines of the three bridges, paired with a matte black movement plate.
Entirely visible from the dial side, the Gravity Equal Force has a constant force transmission integrated directly in the mainspring barrel. The result is consistent power transmission to the regulating organ, ensuring unwavering precision throughout the watch’s autonomy.
Ask for more information",
ST20-LAB.90,https://arminstrom.com//en/collection/system-78/lady-beat-manufacture-edition-black/,,Armin Strom,,System 78,Lady Beat Manufacture Edition Black,Lady Beat Manufacture Edition Black,,,CHF,18000,https://arminstrom.com/wp-content/uploads/2021/05/armin-strom-lady-beat-manufacture-edition-black-image-01.jpg,Switzerland,,Stainless steel,,Sapphire crystal and case back with anti-reflective treatment,38.00 mm,19/16 mm,38.85 mm,11.65 mm,,,Sapphire crystal and case back with anti-reflective treatment,30 m,,Offset in black,Offset in black,Delivered with a bi-material rubber and Alcantara in satin black,Delivered with a bi-material rubber and Alcantara in satin black,Folding clasp in stainless steel,,,,,,,"Finally, a no-compromise haute-horology watch designed for a feminine sensibility.
 



Place your reservationAsk for more information


Place your reservationAsk for more informationStrap size guide",
ST20-LAB.60,https://arminstrom.com//en/collection/system-78/lady-beat-manufacture-edition-white/,,Armin Strom,,System 78,Lady Beat Manufacture Edition White,Lady Beat Manufacture Edition White,,,CHF,18000,https://arminstrom.com/wp-content/uploads/2021/05/armin-strom-lady-beat-manufacture-edition-white-image-01.jpg,Switzerland,,Stainless steel,,Sapphire crystal and case back with anti-reflective treatment,38.00 mm,19/16 mm,38.85 mm,11.65 mm,,,"Stainless steel, Sapphire crystal and case back with anti-reflective treatment",30 m,,Offset in white,Offset in white,Delivered with a bi-material rubber and Alcantara in satin white,Delivered with a bi-material rubber and Alcantara in satin white,Folding clasp in stainless steel,,,,,,,"Finally, a no-compromise haute-horology watch designed for a feminine sensibility.
 



Place your reservationAsk for more information


Place your reservationAsk for more informationStrap size guide",
ST23-TRI.11.CS.M.35.FC,https://arminstrom.com/en/?page_id=11207,,Armin Strom,,System 78,Tribute 1 Fumé Sky,Tribute 1 Fumé Sky,"Limited Edition
10 pieces",,CHF,19900,https://arminstrom.com/wp-content/uploads/2023/10/1200px_Tribute1_Fume_sky_soldats_recto.jpg,Switzerland,,Stainless steel,,Sapphire crystal and case back with anti-reflective treatment,38.00 mm,18/16 mm,44.35 mm,9.38 mm,,,Sapphire crystal and case back with anti-reflective treatment,50 m,,"Offset, fumé: Sky","Offset, fumé: Sky",Delivered with a grey Alcantara calf leather strap,Delivered with a grey Alcantara calf leather strap,Folding clasp in stainless steel,,,,,,,"Dramatic, intense and reflecting a multitude of tones, the fumé dial gives a new depth to the already three-dimensional Tribute 1. Armin Strom’s unique take on the most fundamental of timekeepers, the Tribute 1 features an offset dial and a bridge holding the innovative “motor barrel”, which offers 100 hours of power reserve. The guilloché engraved dial plate is handcrafted by celebrated independent watchmaker Kari Voutilainen’s dial atelier. The Tribute 1 Fumé is limited to 10 pieces each in Ocean, Slate, Sky and Burgundy fumé dial colours.
 



Place your reservationAsk for more information


Place your reservationAsk for more informationStrap size guide",
ST23-TRI.75.CS.M.35.FC,https://arminstrom.com/en/?page_id=11196,,Armin Strom,,System 78,Tribute 1 Fumé Ocean,Tribute 1 Fumé Ocean,"Limited Edition
10 pieces",,CHF,19900,https://arminstrom.com/wp-content/uploads/2023/10/1200px_Tribute1_Fume_ocean_soldats_recto.jpg,Switzerland,,Stainless steel,,Sapphire crystal and case back with anti-reflective treatment,38.00 mm,18/16 mm,44.35 mm,9.38 mm,,,Sapphire crystal and case back with anti-reflective treatment,50 m,,"Offset, fumé: Ocean","Offset, fumé: Ocean",Delivered with a grey Alcantara calf leather strap,Delivered with a grey Alcantara calf leather strap,Folding clasp in stainless steel 18K 5N rose gold coated,,,,,,,"Dramatic, intense and reflecting a multitude of tones, the fumé dial gives a new depth to the already three-dimensional Tribute 1. Armin Strom’s unique take on the most fundamental of timekeepers, the Tribute 1 features an offset dial and a bridge holding the innovative “motor barrel”, which offers 100 hours of power reserve. The guilloché engraved dial plate is handcrafted by celebrated independent watchmaker Kari Voutilainen’s dial atelier. The Tribute 1 Fumé is limited to 10 pieces each in Ocean, Slate, Sky and Burgundy fumé dial colours.
 



Place your reservationAsk for more information


Place your reservationAsk for more informationStrap size guide",
ST23-TRI.10.CS.M.35.FC,https://arminstrom.com/en/?page_id=11184,,Armin Strom,,System 78,Tribute 1 Fumé Burgundy,Tribute 1 Fumé Burgundy,"Limited Edition
10 pieces",,CHF,19900,https://arminstrom.com/wp-content/uploads/2023/10/1200px_Tribute1_Fume_burgundy_soldats_recto.jpg,Switzerland,,Stainless steel,,Sapphire crystal and case back with anti-reflective treatment,38.00 mm,18/16 mm,44.35 mm,9.38 mm,,,Sapphire crystal and case back with anti-reflective treatment,50 m,,"Offset, fumé: Burgundy","Offset, fumé: Burgundy",Delivered with a grey Alcantara calf leather strap,Delivered with a grey Alcantara calf leather strap,Folding clasp in stainless steel,,,,,,,"Dramatic, intense and reflecting a multitude of tones, the fumé dial gives a new depth to the already three-dimensional Tribute 1. Armin Strom’s unique take on the most fundamental of timekeepers, the Tribute 1 features an offset dial and a bridge holding the innovative “motor barrel”, which offers 100 hours of power reserve. The guilloché engraved dial plate is handcrafted by celebrated independent watchmaker Kari Voutilainen’s dial atelier. The Tribute 1 Fumé is limited to 10 pieces each in Ocean, Slate, Sky and Burgundy fumé dial colours.
 



Place your reservationAsk for more information


Place your reservationAsk for more informationStrap size guide",
ST23-TRI.05.CS.M.35.FC,https://arminstrom.com/en/?page_id=11102,,Armin Strom,,System 78,Tribute 1 Fumé Slate,Tribute 1 Fumé Slate,"Limited Edition
10 pieces",,CHF,19900,https://arminstrom.com/wp-content/uploads/2023/10/1200px_Tribute1_Fume_slate_soldats_recto.jpg,Switzerland,,Stainless steel,,Sapphire crystal and case back with anti-reflective treatment,38.00 mm,18/16 mm,44.35 mm,9.38 mm,,,Sapphire crystal and case back with anti-reflective treatment,50 m,,"Offset, fumé: Slate","Offset, fumé: Slate",Delivered with a grey Alcantara calf leather strap,Delivered with a grey Alcantara calf leather strap,Folding clasp in stainless steel,,,,,,,"Dramatic, intense and reflecting a multitude of tones, the fumé dial gives a new depth to the already three-dimensional Tribute 1. Armin Strom’s unique take on the most fundamental of timekeepers, the Tribute 1 features an offset dial and a bridge holding the innovative “motor barrel”, which offers 100 hours of power reserve. The guilloché engraved dial plate is handcrafted by celebrated independent watchmaker Kari Voutilainen’s dial atelier. The Tribute 1 Fumé is limited to 10 pieces each in Ocean, Slate, Sky and Burgundy fumé dial colours.
 



Place your reservationAsk for more information


Place your reservationAsk for more informationStrap size guide",
RG21-TRI.70,https://arminstrom.com//en/collection/system-78/tribute-1-rose-gold/,,Armin Strom,,System 78,Tribute 1 Rose Gold,Tribute 1 Rose Gold,"Limited Edition
100 pieces",,CHF,26000,https://arminstrom.com/wp-content/uploads/2022/09/1200px_Tribute1_Rose_Gold_soldat_v01.jpg,Switzerland,,18-carat rose gold,,Sapphire crystal and case back with anti-reflective treatment,38.00 mm,18/16 mm,44.35 mm,9.38 mm,,,Sapphire crystal and case back with anti-reflective treatment,50 m,,Offset black gold with even hour markers 18K 5N rose gold coated,Offset black gold with even hour markers 18K 5N rose gold coated,Delivered with a black alligator leather strap with black stitching,Delivered with a black alligator leather strap with black stitching,Folding clasp in stainless steel,,,,,,,"The Tribute 1 is a modern reinterpretation of the haute horology dress watch that is technically-innovative and beautifully hand-finished. With its offset grey dial featuring uniquely designed rose gold coated steel hands and an ingeniously efficient 100-hour mainspring barrel on the dial plate, the Tribute 1 brings technical prowess and highest standards of hand-finishing in the Manufacture’s most minimalist creation to date. Limited to 100 pieces, the Rose Gold Edition features a grey grenage textured dial plate.
 



Place your reservationAsk for more information


Place your reservationAsk for more informationStrap size guide",
ST21-TRI.05,https://arminstrom.com//en/collection/system-78/tribute-1-blue-edition/,,Armin Strom,,System 78,Tribute 1 Blue Edition,Tribute 1 Blue Edition,"Limited edition
100 pieces",,CHF,16900,https://arminstrom.com/wp-content/uploads/2021/08/tribute-1-blue-edition-image-01.jpg,Switzerland,,Stainless steel,,"Sapphire crystal and case back with anti-reflective treatment, Armin Strom delivers two new references – one with a black dial and one with a blue dial – of a watch that has already made aficionados giddy with excitement. The operational word here is “hand”. These hand-wound watches feature extensive hand finishing, hand craftsmanship and hand decoration at an impressive price point of CHF 13,900. The legend “1 of 100” engraved on the caseback is a confirmation of the edition size.",38.00 mm,18/16 mm,44.35 mm,9.38 mm,,,Sapphire crystal and case back with anti-reflective treatment,50 m,,Offset blue,Offset blue,Delivered with a black alligator leather strap,Delivered with a black alligator leather strap,Folding clasp in stainless steel,,,,,,,"Armin Strom introduces the “Tribute 1” in Blue. Look closely: we’ve redefined the classic dress watch.



Place your reservationAsk for more information


Place your reservationAsk for more informationStrap size guide",
ST21-TRI.90,https://arminstrom.com//en/collection/system-78/tribute-1-black-edition/,,Armin Strom,,System 78,Tribute 1 Black Edition,Tribute 1 Black Edition,"Limited edition
100 pieces",,CHF,16900,https://arminstrom.com/wp-content/uploads/2021/08/tribute-1-black-edition-image-01.jpg,Switzerland,,Stainless steel,,"Sapphire crystal and case back with anti-reflective treatment, Armin Strom delivers two new references – one with a black dial and one with a blue dial – of a watch that has already made aficionados giddy with excitement. The operational word here is “hand”. These hand-wound watches feature extensive hand finishing, hand craftsmanship and hand decoration at an impressive price point of CHF 13,900. The legend “1 of 100” engraved on the caseback is a confirmation of the edition size.",38.00 mm,18/16 mm,44.35 mm,9.38 mm,,,Sapphire crystal and case back with anti-reflective treatment,50 m,,Offset black,Offset black,Delivered with a black alligator leather strap,Delivered with a black alligator leather strap,Folding clasp in stainless steel,,,,,,,"Armin Strom introduces the “Tribute 1” in Black. Look closely: we’ve redefined the classic dress watch.



Place your reservationAsk for more information


Place your reservationAsk for more informationStrap size guide",
ST21-TRI.75,https://arminstrom.com//en/collection/system-78/tribute-1-first-edition/,,Armin Strom,,System 78,Tribute 1 First Edition,Tribute 1 First Edition,"Limited edition
25 pieces",,CHF,16900,https://arminstrom.com/wp-content/uploads/2021/07/tribute-1-first-edition-image-01-en-3.jpg,Switzerland,,Stainless steel,,Sapphire crystal and case back with anti-reflective treatment,38.00 mm,18/16 mm,44.35 mm,9.38 mm,,,Sapphire crystal and case back with anti-reflective treatment,50 m,,Offset black gold,Offset black gold,Delivered with a grey Alcantara calf leather strap,Delivered with a grey Alcantara calf leather strap,Folding clasp in stainless steel,,,,,,,"Introducing the Tribute 1: a modern reinterpretation of the haute horology dress watch that’s both technically-innovative and beautifully hand-finished.
 



Place your reservationAsk for more information


Place your reservationAsk for more informationStrap size guide",
ST21-TNS.75,https://arminstrom.com//en/collection/system-78/tribute-1-california-black/,,Armin Strom,,System 78,Tribute 1 California Black,Tribute 1 California Black,"Limited edition
5 pieces",,CHF,19900,https://arminstrom.com/wp-content/uploads/2021/11/tribute-1-california-black-image-01-soldout.jpg,Switzerland,,Stainless steel,,Sapphire crystal and case back with anti-reflective treatment,38.00 mm,18/16 mm,44.35 mm,9.38 mm,,,Sapphire crystal and case back with anti-reflective treatment,50 m,,"Offset, fumé: black","Offset, fumé: black",Delivered with a black alligator leather strap,Delivered with a black alligator leather strap,Folding clasp in stainless steel,,,,,,,"Tribute 1 California – a combination of two icons: the modern dress watch and the California dial
Ask for more information",
ST21-TNS.20,https://arminstrom.com//en/collection/system-78/tribute-1-california-green/,,Armin Strom,,System 78,Tribute 1 California Green,Tribute 1 California Green,"Limited edition
5 pieces",,CHF,19900,https://arminstrom.com/wp-content/uploads/2021/11/tribute-1-california-green-image-01-soldout.jpg,Switzerland,,Stainless steel,,Sapphire crystal and case back with anti-reflective treatment,38.00 mm,18/16 mm,44.35 mm,9.38 mm,,,Sapphire crystal and case back with anti-reflective treatment,50 m,,"Offset, fumé: green","Offset, fumé: green",Delivered with a black alligator leather strap,Delivered with a black alligator leather strap,Folding clasp in stainless steel,,,,,,,"Tribute 1 California – a combination of two icons: the modern dress watch and the California dial
Ask for more information",
ST21-TNS.10,https://arminstrom.com//en/collection/system-78/tribute-1-california-burgundy/,,Armin Strom,,System 78,Tribute 1 California Burgundy,Tribute 1 California Burgundy,"Limited edition
5 pieces",,CHF,19900,https://arminstrom.com/wp-content/uploads/2021/11/tribute-1-california-burgundy-image-soldout-01.jpg,Switzerland,,Stainless steel,,Sapphire crystal and case back with anti-reflective treatment,38.00 mm,18/16 mm,44.35 mm,9.38 mm,,,Sapphire crystal and case back with anti-reflective treatment,50 m,,"Offset, fumé: burgundy","Offset, fumé: burgundy",Delivered with a black alligator leather strap,Delivered with a black alligator leather strap,"Pin buckle in stainless steel , a folding clasp in stainless steel is available on option",,,,,,,"Tribute 1 California – a combination of two icons: the modern dress watch and the California dial
Ask for more information",
ST21-TNS.05,https://arminstrom.com//en/collection/system-78/tribute-1-california-blue/,,Armin Strom,,System 78,Tribute 1 California Blue,Tribute 1 California Blue,"Limited edition
5 pieces",,CHF,19900,https://arminstrom.com/wp-content/uploads/2021/11/tribute-1-california-blue-image-soldout-01.jpg,Switzerland,,Stainless steel,,Sapphire crystal and case back with anti-reflective treatment,38.00 mm,18/16 mm,44.35 mm,9.38 mm,,,Sapphire crystal and case back with anti-reflective treatment,50 m,,"Offset, fumé: blue","Offset, fumé: blue",Delivered with a black alligator leather strap,Delivered with a black alligator leather strap,"Pin buckle in stainless steel , a folding clasp in stainless steel is available on option",,,,,,,"Tribute 1 California – a combination of two icons: the modern dress watch and the California dial
Ask for more information",
ST21-TNS.11,https://arminstrom.com//en/collection/system-78/tribute-1-california-light-blue/,,Armin Strom,,System 78,Tribute 1 California Light Blue,Tribute 1 California Light Blue,"Limited edition
5 pieces",,CHF,19900,https://arminstrom.com/wp-content/uploads/2021/11/tribute-1-california-light-blue-image-01-soldout.jpg,Switzerland,,Stainless steel,,Sapphire crystal and case back with anti-reflective treatment,38.00 mm,18/16 mm,44.35 mm,9.38 mm,,,Sapphire crystal and case back with anti-reflective treatment,50 m,,"Offset, fumé: light blue","Offset, fumé: light blue",Delivered with a black alligator leather strap,Delivered with a black alligator leather strap,"Pin buckle in stainless steel , a folding clasp in stainless steel is available on option",,,,,,,"Tribute 1 California – a combination of two icons: the modern dress watch and the California dial
Ask for more information",
ST22-RF.20,https://arminstrom.com/en/collection/resonance/mirrored-force-resonance-manufacture-edition-green/,,Armin Strom,,Resonance,Mirrored Force Resonance Manufacture Edition green,Mirrored Force Resonance Manufacture Edition green,"Limited Edition
50 pieces",,CHF,68000,https://arminstrom.com/wp-content/uploads/2023/04/AS_MFR_ManEd_Green_soldat01.jpg,Switzerland,,Stainless steel,,Sapphire crystal and case back with anti-reflective coating,43.00mm,22/20 mm,49.60mm,11.55mm,,,"Stainless steel, Sapphire crystal and case back with anti-reflective coating",3 ATM / 30 m,,Off-center dial in green with grenage centre and a circular satin-brushed chapter ring and applied polished baton indices,Off-center dial in green with grenage centre and a circular satin-brushed chapter ring and applied polished baton indices,Gray Alcantara strap with white stitching,Gray Alcantara strap with white stitching,Delivered with a genuine black alligator leather strap,,,,,,,"A micro-mechanical revolution, the Mirrored Force Resonance in steel with a green dial is the result of years of intensive research by Claude Greisler and the Armin Strom manufacture in incorporating the physical phenomenon of resonance in watchmaking for the ultimate chronometric stability. It works by means of the patented Resonance Clutch Spring, which directly connects the two hairsprings for the fastest and most regular resonant state ever witnessed in a wristwatch.

Ask for more information",
ST22-RF.05,https://arminstrom.com/en/collection/resonance/mirrored-force-resonance-manufacture-edition-blue/,,Armin Strom,,Resonance,Mirrored Force Resonance Manufacture Edition Blue,Mirrored Force Resonance Manufacture Edition Blue,"Limited Edition
50 pieces",,CHF,68000,https://arminstrom.com/wp-content/uploads/2023/02/armin-strom-mirrored-force-resonance-manufacture-edition-blue-image-01.jpg,Switzerland,,Stainless steel,,Sapphire crystal and case back with anti-reflective coating,43.00mm,22/20 mm,49.60mm,11.55mm,,,"Stainless steel, Sapphire crystal and case back with anti-reflective coating",3 ATM / 30 m,,Off-center dial in dark blue with grenage centre and a circular satin-brushed chapter ring and applied polished baton indices,Off-center dial in dark blue with grenage centre and a circular satin-brushed chapter ring and applied polished baton indices,Dark blue Alcantara strap with white stitching,Dark blue Alcantara strap with white stitching,Pin buckle in platinum,,,,,,,"A micro-mechanical revolution, the Mirrored Force Resonance in steel with a blue dial is the result of years of intensive research by Claude Greisler and the Armin Strom manufacture in incorporating the physical phenomenon of resonance in watchmaking for the ultimate chronometric stability. It works by means of the patented Resonance Clutch Spring, which directly connects the two hairsprings for the fastest and most regular resonant state ever witnessed in a wristwatch.
Ask for more information",
ST22-RF.75,https://arminstrom.com//en/collection/resonance/mirrored-force-resonance-first-edition/,,Armin Strom,,Resonance,Mirrored Force Resonance First Edition,Mirrored Force Resonance First Edition,"Limited Edition
25 pieces",,CHF,58000,https://arminstrom.com/wp-content/uploads/2022/05/1200x1200px_MFR_FirstEdition_SoldOut-1.jpg,Switzerland,,Stainless steel,,Sapphire crystal and case back with anti-reflective coating,43.00mm,22/20 mm,49.60mm,11.55mm,,,"Stainless steel, Sapphire crystal and case back with anti-reflective coating",3 ATM / 30 m,,Off-center dial in black gold,Off-center dial in black gold,Delivered with a genuine dark blue alligator strap,Delivered with a genuine dark blue alligator strap,Folding clasp in stainless steel,,,,,,,"A micro-mechanical revolution, the Mirrored Force Resonance First Edition in steel with a black gold colored dial is the result of years of intensive research by Claude Greisler and the Armin Strom manufacture in incorporating the physical phenomenon of resonance in watchmaking for the ultimate chronometric stability. It works by means of the patented Resonance Clutch Spring, which directly connects the two hairsprings for the fastest and most regular resonant state ever witnessed in a wristwatch.
Ask for more information",
ST17-RP.05,https://arminstrom.com//en/collection/resonance/pure-resonance-manufacture-edition-blue/,,Armin Strom,,Resonance,Pure Resonance Manufacture Edition Blue,Pure Resonance Manufacture Edition Blue,,,CHF,53000,https://arminstrom.com/wp-content/uploads/2021/05/armin-strom-pure-resonance-special-edition-blue-image-01.jpg,Switzerland,,Stainless steel,,Sapphire crystal and case back with,42.00mm,20/18 mm,48.57mm,12.00mm,,,Sapphire crystal and case back with,50m,,Blue dial with roman numerals,Blue dial with roman numerals,Delivered with a genuine black alligator leather strap and an additional black rubber strap,Delivered with a genuine black alligator leather strap and an additional black rubber strap,Folding clasp in stainless steel,,,,,,,"The Pure Resonance is the second watch in the collection to leverage Claude Greisler’s milestone achievement, which harnessed the “Resonance Phenomenon” in a completely new way.
 



Place your reservationAsk for more information


Place your reservationAsk for more informationStrap size guide",
RG17-RP.90,https://arminstrom.com//en/collection/resonance/pure-resonance-manufacture-edition-gold/,,Armin Strom,,Resonance,Pure Resonance Manufacture Edition Rose Gold,Pure Resonance Manufacture Edition Rose Gold,,,CHF,62000,https://arminstrom.com/wp-content/uploads/2021/05/armin-strom-pure-resonance-special-edition-black-gold-image-01.jpg,Switzerland,,18ct rose gold,,Sapphire crystal and case back with,42.00mm,20/18 mm,,12.00mm,,,Sapphire crystal and case back with,50m,,Black dial with roman numerals,Black dial with roman numerals,Delivered with a genuine black alligator leather strap and an additional black rubber strap,Delivered with a genuine black alligator leather strap and an additional black rubber strap,Folding clasp in stainless steel,,,,,,,"The Pure Resonance is the second watch in the collection to leverage Claude Greisler’s milestone achievement, which harnessed the “Resonance Phenomenon” in a completely new way.
 



Place your reservationAsk for more information


Place your reservationAsk for more informationStrap size guide",
ST17-RP.65,https://arminstrom.com/en/collection/resonance/pure-resonance-salmon/,,Armin Strom,,System 78,Pure Resonance Salmon,Pure Resonance Salmon,"Limited Edition
5 pieces",,CHF,59000,https://arminstrom.com/wp-content/uploads/2022/04/PureResSalmon_product01_SO.jpg,Switzerland,,Stainless steel,,,42.00mm,,48.57mm,12.00mm,,,Sapphire crystal and case back with antireflective treatment,50m,,Salmon colored guilloché dial with roman numerals,Salmon colored guilloché dial with roman numerals,Delivered with a genuine black alligator leather strap,Delivered with a genuine black alligator leather strap,Folding clasp in 18ct rose gold,,,,,,,"The purest execution of Armin Strom’s unrivalled resonance wristwatch, The Pure Resonance in stainless steel with a Salmon guilloché dial by Kari Voutilainen’s atelier is the result of years of intensive research by Claude Greisler and the Armin Strom manufacture. It ingeniously incorporates the physical phenomenon of resonance with its patented Resonance Clutch Spring, which directly connects the two hairsprings for the fastest and most regular resonant state ever witnessed in a wristwatch, resulting in exceptional chronometric stability.
Ask for more information",
ST17-RP.25,https://arminstrom.com/en/collection/resonance/pure-resonance-special-edition-sea-green/,,Armin Strom,,Resonance,Pure Resonance Special Edition Sea Green,Pure Resonance Special Edition Sea Green,"Limited edition
3 pieces",,CHF,59000,https://arminstrom.com/wp-content/uploads/2021/09/armin-strom-pure-resonance-sea-green-sold-out.jpg,Switzerland,,Stainless steel,,Sapphire crystal and case back with antireflective treatment,42.00mm,20/18 mm,48.57mm,12.00mm,,,"Stainless steel, Sapphire crystal and case back with antireflective treatment",50m,,Sea green guilloché dial with roman numerals,Sea green guilloché dial with roman numerals,Delivered with a genuine black alligator leather strap and an additional black rubber strap,Delivered with a genuine black alligator leather strap and an additional black rubber strap,Folding clasp in stainless steel,,,,,,,"The Pure Resonance is the second watch in the collection to leverage Claude Greisler’s milestone achievement, which harnessed the “Resonance Phenomenon” in a completely new way.
 
Ask for more information",
WG17-RP.11,https://arminstrom.com//en/collection/resonance/pure-resonance-manufacture-edition-sky-blue/,,Armin Strom,,Resonance,Pure Resonance Special Edition Sky Blue,Pure Resonance Special Edition Sky Blue,,,CHF,79700,https://arminstrom.com/wp-content/uploads/2021/05/armin-strom-pure-resonance-special-edition-sky-blue-image-01-1.jpg,Switzerland,,White gold,,Sapphire crystal and case back with,42.00mm,20/18 mm,48.57mm,12.00mm,,,Sapphire crystal and case back with,50m,,Sky Blue guilloché dial with roman numerals,Sky Blue guilloché dial with roman numerals,Delivered with a genuine black alligator leather strap and an additional black rubber strap,Delivered with a genuine black alligator leather strap and an additional black rubber strap,,,,,,,,"The Pure Resonance is the second watch in the collection to leverage Claude Greisler’s milestone achievement, which harnessed the “Resonance Phenomenon” in a completely new way.
 



Place your reservationAsk for more information


Place your reservationAsk for more informationStrap size guide",
PT21-ZG.60,https://arminstrom.com//en/collection/resonance/resonance-zeitgeist/,,Armin Strom,,Resonance,Resonance Zeitgeist,Resonance Zeitgeist,,,CHF,160000,https://arminstrom.com/wp-content/uploads/2021/12/Zeitgest_Soldout_Pic_01.jpg,Switzerland,,Platinum,,Sapphire crystal and case back with anti-reflective treatment,43 mm,24/20 mm,"49,6 mm","11,55 mm",,,Sapphire crystal and case back with anti-reflective treatment,50 m,,18ct White Gold “vernis laqué poli”,18ct White Gold “vernis laqué poli”,Delivered with a genuine alligator – strap,Delivered with a genuine alligator – strap,,,,,,,,"The unique piece “Zeitgeist” pays tribute to the five-year anniversary of Armin Strom’s resonance technology and shines the spotlight on the exposed mechanism with the patented resonance clutch spring. A special timepiece that combines minimalist dial components and subtle decoration.
 
Ask for more information",
SA18-RGMT.11,https://arminstrom.com//en/collection/masterpiece-collection/dual-time-resonance/,,Armin Strom,,Masterpieces,Dual Time Resonance Manufacture Edition Sapphire,Dual Time Resonance Manufacture Edition Sapphire,"Edition
Limited to 8 pieces",,CHF,280000,https://arminstrom.com/wp-content/uploads/2021/05/armin-strom-dual-time-resonance-manufacture-edition-sapphire-image-01.jpg,Switzerland,,Sapphire,,Sapphire crystal and case back with anti-reflective treatment,59 mm x 43.4 mm,24/20 mm,54.30 mm,15.90 mm,,,Sapphire crystal and case back with anti-reflective treatment,50 m,,Blue guilloché with founded appliques,Blue guilloché with founded appliques,Delivered with a genuine alligator – strap,Delivered with a genuine alligator – strap,,,,,,,,"The Dual Time Resonance ‘Masterpiece 1’ represents the pinnacle expression of our Manufacture’s watchmaking philosophy and capabilities.
 



Place your reservationAsk for more information


Place your reservationAsk for more informationStrap size guide",
TI18-RGMT.90,https://arminstrom.com//en/collection/masterpiece-collection/dual-time-resonance-manufacture-edition-titanium/,,Armin Strom,,Masterpieces,Dual Time Resonance Manufacture Edition Titanium,Dual Time Resonance Manufacture Edition Titanium,"Edition
Limited to 8 pieces",,CHF,180000,https://arminstrom.com/wp-content/uploads/2021/05/armin-strom-dual-time-resonance-manufacture-edition-titanuim-image-01.jpg,Switzerland,,Titanium,,Sapphire crystal and case back with anti-reflective treatment,59 mm x 43.4 mm,24/20 mm,54.30 mm,15.90 mm,,,Sapphire crystal and case back with anti-reflective treatment,50 m,,Black hand guilloché with founded appliques,Black hand guilloché with founded appliques,Delivered with a genuine alligator – strap,Delivered with a genuine alligator – strap,,,,,,,,"The Dual Time Resonance ‘Masterpiece 1’ represents the pinnacle expression of our Manufacture’s watchmaking philosophy and capabilities.



Place your reservationAsk for more information


Place your reservationAsk for more informationStrap size guide",
WG18-RGMT.05,https://arminstrom.com/en/collection/masterpiece-collection/dual-time-resonance-manufacture-edition-white-gold/,,Armin Strom,,Masterpieces,Dual Time Resonance Manufacture Edition White Gold,Dual Time Resonance Manufacture Edition White Gold,"Edition
Limited to 8 pieces",,CHF,200000,https://arminstrom.com/wp-content/uploads/2021/05/armin-strom-dual-time-resonance-manufacture-edition-white-gold-image-01.jpg,Switzerland,,Whitegold,,Sapphire crystal and case back with anti-reflective treatment,59 mm x 43.4 mm,24/20 mm,54.30 mm,15.90 mm,,,Sapphire crystal and case back with anti-reflective treatment,50 m,,Blue hand guilloché with founded appliques,Blue hand guilloché with founded appliques,Delivered with a genuine alligator – strap,Delivered with a genuine alligator – strap,,,,,,,,"The Dual Time Resonance ‘Masterpiece 1’ represents the pinnacle expression of our Manufacture’s watchmaking philosophy and capabilities.



Place your reservationAsk for more information


Place your reservationAsk for more informationStrap size guide",
RG18-RGMT.90,https://arminstrom.com//en/collection/masterpiece-collection/dual-time-resonance-manufacture-edition-rose-gold/,,Armin Strom,,Masterpieces,Dual Time Resonance Manufacture Edition Rose Gold,Dual Time Resonance Manufacture Edition Rose Gold,"Edition
Limited to 8 pieces",,CHF,200000,https://arminstrom.com/wp-content/uploads/2021/05/armin-strom-dual-time-resonance-manufacture-edition-rose-gold-image-01.jpg,Switzerland,,18ct rose gold,,Sapphire crystal and case back with anti-reflective treatment,59 mm x 43.4 mm,23/20 mm,54.30 mm,15.90 mm,,,Sapphire crystal and case back with anti-reflective treatment,50 m,,Black hand guilloché with founded appliques,Black hand guilloché with founded appliques,Delivered with a dark grey alligator strap,Delivered with a dark grey alligator strap,,,,,,,,"The Dual Time Resonance ‘Masterpiece 1’ represents the pinnacle expression of our Manufacture’s watchmaking philosophy and capabilities.



Place your reservationAsk for more information


Place your reservationAsk for more informationStrap size guide",
TI19-RMR.SA,https://arminstrom.com//en/collection/masterpiece-collection/minute-repeater-resonance-manufacture-edition-titanium/,,Armin Strom,,Masterpieces,Masterpieces Minute Repeater Resonance,Masterpieces Minute Repeater Resonance,"Edition
Limited to 10 pieces, The Armin Strom Minute Repeater Resonance is a limited edition of 10 pieces in Grade 5 titanium; produced in honor of the 10th anniversary of the Manufacture.",,CHF,380000,https://arminstrom.com/wp-content/uploads/2021/05/armin-strom-masterpieces-minute-repeater-resonance-image-01.jpg,Switzerland,,Titanium,,Sapphire crystal and case back with anti-reflective treatment,47.7 mm,,54.33 mm,16.10 mm,,,Sapphire crystal and case back with anti-reflective treatment,30 m,,Transparent with fumée,Transparent with fumée,,,,,,,,,,"Inspired by Bern’s centuries-old chiming tower clock, the Minute Repeater Resonance highlights both the phenomenon of resonance and the sonorous chiming of the time.
 



Place your reservationAsk for more information


Place your reservationAsk for more informationStrap size guide",
